"Id","Age","Practice","Instrument","Apprentissage","Difficult√©s","Aide","StyleMusic","Int√©r√™ts","Projet","Accompagnement","CoursEnLigne","Avantages","Difficult√©sLearn","Int√©r√™tFormationEnLigne","RemarqueSuppl√©mentaire","TypeInstrument"
"1","60","Oui, mais de mani√®re irr√©guli√®re, ou plus depuis un certain temps","Trompette","Oui","Age","Motivation vu l'age","Jazz/Blues","Techniques de jeu (ma√Ætrise de l‚Äôinstrument)","Jouer en groupe ou en public","1 bon trompettiste","Non, mais j'aimerais essayer","","","Peut-√™tre, si le programme me convainc et correspond √† mon rythme et mes besoins","Non","2"
"2","30","Oui, mais de mani√®re irr√©guli√®re, ou plus depuis un certain temps","Guitare, Harmonica","Oui","Temps et prix des cours","Motivation","Jazz/Blues;Rock/Pop;Metal/Punk;Funk/Soul;Musiques du monde","Techniques de jeu (ma√Ætrise de l‚Äôinstrument);Compr√©hension musicale (rythme, harmonie, th√©orie, solf√®ge);Improvisation","Composer mes propres morceaux;Jouer pour moi-m√™me, une forme d'expression et d'introspection","","Oui, mais ce n‚Äô√©tait pas adapt√© √† mon fonctionnement","","Contenu derri√®re un paywall, ou pas en ad√©quation avec mes objectifs","Oui, mais cela d√©pendrait du prix","","1, 2"
"3","30","Oui, r√©guli√®rement","Fl√ªte √† bec, Psalt√©rion √† archet,Tympanon, Vielle √† roue, Harpe celtique","Oui","Manque de temps et d'argent","Du temps et de l'argent...","Musiques du monde;Musique ancienne, principalement m√©di√©vale, Renaissance et baroque","Techniques de jeu (ma√Ætrise de l‚Äôinstrument);Compr√©hension musicale (rythme, harmonie, th√©orie, solf√®ge);Improvisation;Apprendre des morceaux (lecture);Jouer avec d'autres musiciens/musiciennes ","Jouer en groupe ou en public","Un ou une enseignante","Non, et cela ne m‚Äôint√©resse pas","","","","","1, 2"
"4","45","Oui, mais de mani√®re irr√©guli√®re, ou plus depuis un certain temps","Piano","Non","","","Musique Classique;Jazz/Blues","Techniques de jeu (ma√Ætrise de l‚Äôinstrument)","Jouer en groupe ou en public","","Non, mais j'aimerais essayer","","","Peut-√™tre, si le programme me convainc et correspond √† mon rythme et mes besoins","Non ","1"
"5","0","Je ne joue pas (je n'ai jamaisjou√© ou tr√®s  peu) et cela ne m‚Äôint√©resse pas","","","","","","","","","","","",""," ",""
"6","30","Je joue de temps en temps (sans vraie r√©gularit√©)","Piano, Cornet, Trombone","Oui","Discipline et r√©gularit√© dans l‚Äôapprentissage, frustration face √† des difficult√©s ","Soit (1) prendre des cours pour avoir un rendez-vous r√©gulier et une motivation/pression suppl√©mentaire √† s‚Äôentra√Æner entre les cours, (2) jouer dans un groupe/atelier pour augmenter la motivation, (3) avoir un objectif pr√©cis, comme jouer √† un mariage ou une soir√©e, (4) se motiver tout seul avec un programme pr√©cis, se fixer des sessions r√©guli√®res √† heure fixe pour cr√©er une habitude ","Musique Classique;Jazz/Blues;Funk/Soul","Techniques de jeu (ma√Ætrise de l‚Äôinstrument);Improvisation","Jouer en groupe ou en public;Composer mes propres morceaux","Programme d‚Äôapprentissage pr√©cis et sp√©cifique √† mon objectif, suivi r√©gulier et ¬´¬†gamification¬†¬ª pour motiver (type Duolingo), connection avec d‚Äôautres apprentis musiciens, feed-back sur mes performances et conseils ","Oui, et cela m‚Äôa aid√©","Explications claires, m√©lange de th√©orie et d√©monstration, possibilit√© de regarder plusieurs fois, au ralenti etc., apprentissage par l‚Äôexemple, commentaires sous la vid√©o avec d‚Äôautres conseils","Grande vari√©t√© en terme de qualit√©, parfois manque de p√©dagogie et didactique, trop peu d‚Äôexplication, difficile √† suivre","Peut-√™tre, si le programme me convainc et correspond √† mon rythme et mes besoins","","2, 1"
"7","30","J‚Äôai pratiqu√© par le pass√©, mais j‚Äôai arr√™t√©","Guitare.","Oui","Temps, organisation, irr√©gularit√©","D√©veloppement d‚Äôune routine qui inclue la pratique de l‚Äôinstrument. But √† atteindre. Clarifier les raisons de la pratique de l‚Äôinstrument ou non. Jouer avec d‚Äôautres personnes. Avoir une communaut√© autour de la pratique de l‚Äôinstrument.","Rock/Pop;Musiques du monde","Techniques de jeu (ma√Ætrise de l‚Äôinstrument);Apprendre des morceaux (lecture);Faire des reprises de morceaux","Progresser. Partager / chanter / danser avec ses enfants. ","√Ä la maison, int√©grable facilement dans une routine, horaire adapt√©.","Oui, et cela m‚Äôa aid√©","Gratuit√©, disponibilit√©, rythme d‚Äôapprentissage personnel, flexibilit√©","Pas de correction, pas de contr√¥le de l‚Äôerreur, motivation √† continuer, pas de suivi des progr√®s. ","Peut-√™tre, si le programme me convainc et correspond √† mon rythme et mes besoins","Comme pour tout, il faut √™tre au clair avec les raisons qui nous poussent √† vouloir apprendre. D√©velopper une routine autour de la pratique de l‚Äôinstrument peut aider √† ne pas arr√™ter. Avoir des petits objectifs √† atteindre peut √©galement aider m√™me si la pratique ne devrait pas s‚Äôarr√™ter si un objectif a √©t√© atteint. ","1"
"8","30","Je joue r√©guli√®rement","Chant","Oui","motivation, r√©gularit√© ","des cours r√©guliers aident","Musique Classique","Techniques de jeu (ma√Ætrise de l‚Äôinstrument);Compr√©hension musicale (rythme, harmonie, th√©orie, solf√®ge);Apprendre des morceaux (lecture)","Jouer en groupe ou en public","un cours par semaine avec ma prof pr√©f√©r√©e ","Non, et cela ne m‚Äôint√©resse pas","","","","non","4"
"9","30","J‚Äôai pratiqu√© par le pass√©, mais j‚Äôai arr√™t√©","Piano","Non","","","Musique Classique","Techniques de jeu (ma√Ætrise de l‚Äôinstrument);Apprendre des morceaux (lecture)","Jouer pour moi-m√™me comme un moyen de m√©ditation ","Un guide qui permettrait de fournir des morceaux de difficult√© adapt√©e et √©volutive afin d'avoir une progression r√©guli√®re ","Non, mais j'aimerais essayer","","","Peut-√™tre, si le programme me convainc et correspond √† mon rythme et mes besoins","","1"
"10","30","Je ne joue pas (je n'ai jamaisjou√© ou tr√®s  peu) et cela ne m‚Äôint√©resse pas","","","","","","","","","","","","","",""
"11","30","Je n‚Äôai jamais jou√©, mais j‚Äôaimerais apprendre (ou j'ai tr√®s peu jou√© et j'aimerais reprendre)","Piano √©2uellement ","Oui","Le temps, la fatigue/stress de la vie, l'argent","La possibilit√© d'avoir un suivi peu r√©gulier : p.ex., peu de le√ßons √† un moment, mais + √† un autre selon les p√©riodes de vie... ","Musique Classique;Jazz/Blues;Funk/Soul;Aucune id√©e, j'y connais rien ","Techniques de jeu (ma√Ætrise de l‚Äôinstrument);Faire des reprises de morceaux","Cr√©er des vid√©os musicales (clips, se filmer en jouant);Pour moi et mon entourage","","Non, mais j'aimerais essayer","","","Peut-√™tre, si le programme me convainc et correspond √† mon rythme et mes besoins","J'ai fait du solf√®ge √† l'√©cole, j'√©tais nulle üò≠ Je pense qu'amener quelque chose de ludique pourrait √™tre chouette, notamment pour les gens qui apprennent pour leurs propres loisirs"
"12","30","J‚Äôai pratiqu√© par le pass√©, mais j‚Äôai arr√™t√©","Violoncelle","Oui","Pr√©cision et difficult√© de l instrument","La gentillesse ","Musique Classique;Musiques du monde","Faire des reprises de morceaux","Jouer en groupe ou en public","","Non, et cela ne m‚Äôint√©resse pas","","","","","1"
"13","45","Je joue r√©guli√®rement","Guitare","Non","","","Jazz/Blues;Rock/Pop;Folk","Improvisation;Faire des reprises de morceaux;Jouer en groupe","Jouer en groupe ou en public;Composer mes propres morceaux;Enregistrer de la musique;Cr√©er des vid√©os musicales (clips, se filmer en jouant)","Je ne comprends pas la question ","Oui, et cela m‚Äôa aid√©","Accessibilit√©, disponibilit√©, on trouve tout ce qu‚Äôon peut chercher","Parfois les vid√©os sont trop longues et les personnes ne sont pas p√©dagogues, elles s‚Äô√©cartent souvent de l‚Äôobjectif premier ","Peut-√™tre, si le programme me convainc et correspond √† mon rythme et mes besoins","  Non","1"
"14","45","Je joue r√©guli√®rement","Guitare","Oui","En improvisation, mettre en pratique la th√©orie harmonique ","Rajeunir pour avoir des capacites cerebrales plus importantes, ou √† d√©faut, avoir plus de temps pour pratiquer et pratiquer ","Jazz/Blues;Rock/Pop;Folk Rock","Techniques de jeu (ma√Ætrise de l‚Äôinstrument);Compr√©hension musicale (rythme, harmonie, th√©orie, solf√®ge);Improvisation","Jouer en groupe ou en public;Composer mes propres morceaux;Enregistrer de la musique","Un enregistrement graphique (position des mains et doigts sur le manche) des parties que j'ai improvis√©es ou jouees","Oui, et cela m‚Äôa aid√©","Apprentissage rapide de morceaux qu on a envie de jouer (tutos), nouvelles pistes de travail, r√©glages de mat√©riel, pr√©sentation nouveaux instruments, mat√©riel...etc","Tout d√©pend de la personne qui fait la vid√©o mais en general c est clair","Peut-√™tre, si le programme me convainc et correspond √† mon rythme et mes besoins","La p√©riode Covid a permis d enregistrer des morceaux √† plusieurs √† distance + faire des vid√©os. C'est un travail int√©ressant car il faut √™tre impeccable par rapport au clic","1"
"15","18","Je ne joue pas (je n'ai jamaisjou√© ou tr√®s  peu) et cela ne m‚Äôint√©resse pas","","","","","","","","","","","","","",""
"16","30","Je joue r√©guli√®rement","Piano, Chant","Oui","Garder le courage de progresser ","La m√©thode Kodal√¨","Jazz/Blues;Rock/Pop;Funk/Soul;Musiques √©lectroniques;Musiques du monde","Techniques de jeu (ma√Ætrise de l‚Äôinstrument);Compr√©hension musicale (rythme, harmonie, th√©orie, solf√®ge);Improvisation;Apprendre des morceaux (lecture);Faire des reprises de morceaux","Jouer en groupe ou en public;Composer mes propres morceaux;Enregistrer de la musique;Cr√©er des vid√©os musicales (clips, se filmer en jouant);Donner des cours de musique","Piano guitare basse violon","Oui, mais ce n‚Äô√©tait pas adapt√© √† mon fonctionnement","","Personne pour me corriger","Non, je pr√©f√®re d‚Äôautres types de formation","La TCM et Kodal√¨ m‚Äôont chang√© la vie","1, 4"
"17","60","Je joue r√©guli√®rement","Piano, Guitare, Batterie","Oui","Le suivit","Un prof","Rock/Pop;Musiques du monde","Techniques de jeu (ma√Ætrise de l‚Äôinstrument);Improvisation","Composer mes propres morceaux;Cr√©er des vid√©os musicales (clips, se filmer en jouant)","Un trio","Oui, et cela m‚Äôa aid√©","Tout","Rien","Oui, mais cela d√©pendrait du prix","Partage entre pro","1, 3"
"18","30","Je joue r√©guli√®rement","Batterie","Oui","Irr√©gularit√© du travail personnel","Faire un journal de bord et noter chaque jour l'avancement du travail ","Musique Classique;Jazz/Blues;Rock/Pop;Metal/Punk;Funk/Soul;Musiques √©lectroniques;Musiques du monde","Techniques de jeu (ma√Ætrise de l‚Äôinstrument);Compr√©hension musicale (rythme, harmonie, th√©orie, solf√®ge);Improvisation;Apprendre des morceaux (lecture);Faire des reprises de morceaux","Jouer en groupe ou en public;Composer mes propres morceaux;Enregistrer de la musique;Donner des cours de musique","Un professeur ","Non, mais j'aimerais essayer","","","Peut-√™tre, si le programme me convainc et correspond √† mon rythme et mes besoins","","3"
"19","60","Je ne joue pas (je n'ai jamaisjou√© ou tr√®s  peu) et cela ne m‚Äôint√©resse pas","","","","","","","","","","","","","",""
"20","60","J‚Äôai pratiqu√© par le pass√©, mais j‚Äôai arr√™t√©","Saxophone, Piano","Oui","dissociation des 2 mains","je ne sais pas","Musique Classique;Rock/Pop","Techniques de jeu (ma√Ætrise de l‚Äôinstrument);Compr√©hension musicale (rythme, harmonie, th√©orie, solf√®ge)","juste pour moi","","Non, mais j'aimerais essayer","","","Oui, mais cela d√©pendrait du prix","","2, 1"
"21","30","Je ne joue pas (je n'ai jamaisjou√© ou tr√®s  peu) et cela ne m‚Äôint√©resse pas","","","","","","","","","","","","","",""
"22","18","Je joue de temps en temps (sans vraie r√©gularit√©)","Piano, Guitare, Ukul√©l√©, Harpe","Oui","manque de motivation et parfois d'int√©r√™t pour les cours de solf√®ges ","ce qui m'aide, c'est la motivation √† apprendre un nouveau morceau, j'appr√©cierais que les cours de solf√®ges proposent des exemples plus concrets et accessibles (jouer des rythmes ou m√©lodies ''connues'' par exemple, proposer d'analyser des morceaux connus et r√©cents)  ","Hip-hop/Rap/R&B;Rock/Pop;Reggae/Ska","Techniques de jeu (ma√Ætrise de l‚Äôinstrument);Apprendre des morceaux (lecture);Faire des reprises de morceaux","Composer mes propres morceaux","Un journal de musique, qui permettrait de r√©pertorier les heures de travail, les morceaux en apprentissage et appris, etc. ","Oui, et cela m‚Äôa aid√©","permettre d'apprendre un morceau avec plusieurs techniques diff√©rentes, didactique et approche de la musique diff√©rentes selon les ressources","difficile d'avoir des cours ''sur mesure'' et de pouvoir visualiser les nouveaux apprentissages ou les paliers d'apprentissages atteints","Oui, absolument","","1"
"23","30","Je joue de temps en temps (sans vraie r√©gularit√©)","Guitare","Oui","je soup√ßonne que ma dysorthographie complique ma compr√©hension du solf√®ge","J'essaie de me concentrer plus sur les intervalles et de travailler mon oreille","Musique Classique;Jazz/Blues;Rock/Pop;Metal/Punk","Compr√©hension musicale (rythme, harmonie, th√©orie, solf√®ge)","Jouer en groupe ou en public;Composer mes propres morceaux","","Oui, et cela m‚Äôa aid√©","gestion de son temps, contenu, qualit√©, ","Ne pas pouvoir poser de question","Oui, mais cela d√©pendrait du prix","","1"
"24","18","Je joue r√©guli√®rement","Piano, Violon, Guitare","Oui","la motivation, la regularit√© et avoir le temps de pratiquer","Pratiquer tous les jours, m√™me les jours on l'on n'est pas motiv√©. 5 minutes sont toujours mieux que 0.","Musique Classique;Jazz/Blues","Techniques de jeu (ma√Ætrise de l‚Äôinstrument);Improvisation;Apprendre des morceaux (lecture)","Jouer en groupe ou en public","","Oui, et cela m‚Äôa aid√©","Viennent compl√©ter les connaissances ou repondre √† des questions sp√©cifiques. Peuvent aussi aider √† voir diff√©rentes fa√ßons de jouer un morceau.","Certains conseils sont erron√©s ou incomplet et peuvent ralentir l'apprentissage ou le complexifier.","Non, je pr√©f√®re d‚Äôautres types de formation","","1"
"25","30","Je joue de temps en temps (sans vraie r√©gularit√©)","Guitare, Clarinette ","Non","","","Musique Classique;Jazz/Blues;Hip-hop/Rap/R&B;Rock/Pop;Metal/Punk;Musiques √©lectroniques","Techniques de jeu (ma√Ætrise de l‚Äôinstrument);Compr√©hension musicale (rythme, harmonie, th√©orie, solf√®ge);Improvisation;Apprendre des morceaux (lecture)","Jouer en groupe ou en public;Composer mes propres morceaux;Enregistrer de la musique","","Oui, et cela m‚Äôa aid√©","Facilit√© d'utilisation et d'acc√®s ","Besoin de connaissances de base ","Peut-√™tre, si le programme me convainc et correspond √† mon rythme et mes besoins","","1, 2"
"26","45","Je ne joue pas (je n'ai jamais jou√© ou tr√®s  peu) et cela ne m‚Äôint√©resse pas","","","","","","","","","","","","","",""
"27","30","Je ne joue pas (je n'ai jamais jou√© ou tr√®s  peu) et cela ne m‚Äôint√©resse pas","","","","","","","","","","","","","",""
"28","30","J‚Äôai pratiqu√© par le pass√©, mais j‚Äôai arr√™t√©","Piano","Oui","Pour moi c‚Äôest le temps et la motivation  ","Je ne vois pas de n√©cessit√© en ce moment d‚Äôapprendre donc je le garde en stand-by, peut √™tre un jour qui sait ","Musique Classique;Jazz/Blues;Hip-hop/Rap/R&B;Funk/Soul","Techniques de jeu (ma√Ætrise de l‚Äôinstrument);Apprendre des morceaux (lecture)","Jouer et chanter pour moi meme","","Oui, mais ce n‚Äô√©tait pas adapt√© √† mon fonctionnement","","Contenu, pas souvent disponible ce que je recherche","Peut-√™tre, si le programme me convainc et correspond √† mon rythme et mes besoins","","1"
"29","30","J‚Äôai pratiqu√© par le pass√©, mais j‚Äôai arr√™t√©","Flute traversiere","Non","","","Musique Classique;Rock/Pop;Musiques du monde","Techniques de jeu (ma√Ætrise de l‚Äôinstrument);Apprendre des morceaux (lecture)","Jouer en groupe ou en public;Composer mes propres morceaux","","Non, mais j'aimerais essayer","","","Oui, mais cela d√©pendrait du prix","","2"
"30","18","Je joue r√©guli√®rement","Piano, Guitare, Chant, Ukulele","Oui","Motivation, r√©gularit√©, gestion de la frustration ","15min d'instruments Minimum par jour pour les exercices et passages difficiles, un cadre (par ex. Avec des cours)","Musique Classique;Jazz/Blues;Rock/Pop;Metal/Punk;Musiques du monde","Techniques de jeu (ma√Ætrise de l‚Äôinstrument);Compr√©hension musicale (rythme, harmonie, th√©orie, solf√®ge);Improvisation;Faire des reprises de morceaux","Jouer en groupe ou en public;Composer mes propres morceaux;Enregistrer de la musique","Je n'ai pas compris la question.","Oui, et cela m‚Äôa aid√©","Aide dans l'harmonie et les accords ","Contenu tr√®s long, difficile de rester motiv√©e devant la vid√©o enti√®re ","Non, je pr√©f√®re d‚Äôautres types de formation","","1, 4"
"31","18","J‚Äôai pratiqu√© par le pass√©, mais j‚Äôai arr√™t√©","Piano","Oui","Au lieu d'apprendre √† lire r√©ellement la partition, j'avais tendance √† apprendre √† l'oreille. Il y avait donc plusieurs morceaux que je connaissais par c≈ìur. Nonobstant, avoir d√©laiss√© cette partie de l'apprentissage √©tait un vrai poids dans la lecture de partitions plus complexes et a en partie contribu√© √† l'arr√™t total du piano. Pour avoir jou√© dans un groupe d'amateurs (juniors) pendant quelques ann√©es, l'aspect social me plaisait, mais les morceaux jou√©s beaucoup moins.","Tr√®s clairement les musiques que j'appr√©cie √©couter r√©guli√®rement. N√©anmoins, ce sont √©galement tr√®s souvent des morceaux plus difficiles √† jouer √† mon niveau.","Musique Classique;Rock/Pop","Techniques de jeu (ma√Ætrise de l‚Äôinstrument);Compr√©hension musicale (rythme, harmonie, th√©orie, solf√®ge);Apprendre des morceaux (lecture);Faire des reprises de morceaux","Jouer en groupe ou en public;Composer mes propres morceaux","Bonne question, je ne sais pas vraiment. Je suppose qu'il faudrait un rendez-vous r√©gulier (cours ou non) pour (re)apprendre les bases.","Non, mais j'aimerais essayer","","","Peut-√™tre, si le programme me convainc et correspond √† mon rythme et mes besoins","","1"
"32","30","J‚Äôai pratiqu√© par le pass√©, mais j‚Äôai arr√™t√©","Piano","Oui","Avoir assez de temps pour pratiquer a la maison serieusement entre les lecons. Prendre cet engagement. Avoir le piano a la maison.","Une decision claire que √ßa devienne une priorit√© par rapport aux autres aspects de ma vie, et m'y tenir avec un planning d'heures regulieres.","Musique Classique","Techniques de jeu (ma√Ætrise de l‚Äôinstrument);Apprendre des morceaux (lecture)","Jouer de la musique pour mon plaisir personnel","Du coaching de pratique √† la maison","Non, et cela ne m‚Äôint√©resse pas","","","","","1"
"33","30","J‚Äôai pratiqu√© par le pass√©, mais j‚Äôai arr√™t√©","Basse, Guitare √©lectrique","Oui","Motivation","Avoir du temps","Rock/Pop;Metal/Punk;Musiques √©lectroniques","Improvisation","Jouer en groupe ou en public;Composer mes propres morceaux","Batterie, chant, guitare ","Oui, et cela m‚Äôa aid√©","Contenu adapt√© a mes envies du moment","Rien","Non, je pr√©f√®re d‚Äôautres types de formation","Non","1"
"34","30","Je n‚Äôai jamais jou√©, mais j‚Äôaimerais apprendre (ou j'ai tr√®s peu jou√© et j'aimerais reprendre)","Guitare, Batterie","Oui","Temps disponible ","Lib√®rer du temps ","Rock/Pop;Metal/Punk","Techniques de jeu (ma√Ætrise de l‚Äôinstrument);Improvisation","Composer mes propres morceaux","Prof patient et √† l'√©coute ","Non, et cela ne m‚Äôint√©resse pas","","","","Non","1, 3"
"35","30","Je joue r√©guli√®rement","Guitare, Piano, Chant, Batterie","Oui","Motivation, priorit√©s, absence de but concr√™t,  l'√©quilibre entre l'effort √† investir dans la pratique et la gratification qui en d√©coule","Je pense que √ßa d√©pend du profil des gens. L√† ou ""s'imposer une discipline"" marchera pour certains, d'autres gagneront √† se fixer des buts moins ambitieux mais plus atteignables √† court terme. Il faut aussi accepter que √ßa peut √™tre un long parcours et se pardonner de mettre du temps plut√¥t que de se mettre de grandes pressions pour progresser et √™tre performant. Il faut accepter le c√¥t√© punk de la chose. Et un bon moyen de faire tout √ßa, c'est d'y m√™ler l'aspect social de la musique et de la pratiquer avec d'autres gens.","Musique Classique;Jazz/Blues;Rock/Pop;Metal/Punk;Musiques √©lectroniques;Musiques du monde","Techniques de jeu (ma√Ætrise de l‚Äôinstrument);Improvisation;Faire des reprises de morceaux","Jouer en groupe ou en public;Composer mes propres morceaux;Enregistrer de la musique","Un revenu de base inconditionnel","Oui, mais ce n‚Äô√©tait pas adapt√© √† mon fonctionnement","","Je capte beaucoup plus d'informations lorsque je regarde une personne jouer devant moi qu'en ligne.","Non, je pr√©f√®re d‚Äôautres types de formation","Nerf Herder c'est cool!","1, 4, Percussions(Batterie&Tambours"
"36","18","J‚Äôai pratiqu√© par le pass√©, mais j‚Äôai arr√™t√©","Fl√ªte traversi√®re","Oui","Deux op√©ration chirurgicales, Covid-19 et jamais fait de cours de solf√®ge parce que je trouvais que √ßa servait √† rien et que j‚Äôavais une diff√©rence d‚Äô√¢ge de 3 ans avec le reste des personnes.","ü§∑üèª","Musique Classique;Musiques du monde","Apprendre des morceaux (lecture)","Aucune fichtre id√©e ü§∑üèª ","Des co√ªts moins exorbitants et un bon prof qui varie les styles musicaux ","Oui, mais ce n‚Äô√©tait pas adapt√© √† mon fonctionnement","","√áa doit √™tre personnalis√© ","Oui, mais cela d√©pendrait du prix","Non mis √† part que j‚Äôai ador√© faire √ßa pendant 10 ans","2"
"37","30","Je joue de temps en temps (sans vraie r√©gularit√©)","Guitare, Basse, Batterie","Oui","Motivation; temps","Supprimer Netflix, pratiquer en groupe ","Metal/Punk","Techniques de jeu (ma√Ætrise de l‚Äôinstrument);Compr√©hension musicale (rythme, harmonie, th√©orie, solf√®ge);Improvisation;Faire des reprises de morceaux","Jouer en groupe ou en public;Enregistrer de la musique;Cr√©er des vid√©os musicales (clips, se filmer en jouant)","","Oui, et cela m‚Äôa aid√©","Accessibilit√©, flexibilit√©","Pas de correction des mauvaises pratiques","Peut-√™tre, si le programme me convainc et correspond √† mon rythme et mes besoins","","1, 3"
"38","30","J‚Äôai pratiqu√© par le pass√©, mais j‚Äôai arr√™t√©","Synth√©tiseur, Piano","Non","","","Musique Classique","Compr√©hension musicale (rythme, harmonie, th√©orie, solf√®ge);Improvisation","Jouer pour me d√©tendre ","","Non, mais j'aimerais essayer","","","Peut-√™tre, si le programme me convainc et correspond √† mon rythme et mes besoins","","1"
"39","30","Je joue r√©guli√®rement","Guitare","Non","","","Jazz/Blues;Rock/Pop;Metal/Punk","Techniques de jeu (ma√Ætrise de l‚Äôinstrument);Improvisation;Apprendre des morceaux (lecture)","Composer mes propres morceaux;Jouer pour le plaisir","Des tablatures, la possibilit√© de jouer √† plusieurs (jams sans enjeux, sans jugements), pouvoir ""copier"" des astuces","Oui, et cela m‚Äôa aid√©","Quantit√©, grande disponibilit√© ","Trop de mat√©riel, difficile de choisir","Oui, mais cela d√©pendrait du prix","√ânorme am√©lioration depuis que je peux jouer au travail","1"
"40","30","J‚Äôai pratiqu√© par le pass√©, mais j‚Äôai arr√™t√©","Guitare, Guitare √©lectrique, Harmonica, Percussions, Batterie, Congas, Tabla, Contrebasse","Oui","- N‚Äôavoir jamais appris le solf√®ge √† l‚Äô√©cole.- Ne plus avoir de professeur p√©dagogue. - Dyslexie (lecture de tablatures) - pour cause de budget - manque de temps -lieu","Avoir un budget, pour louer un local.","Jazz/Blues;Hip-hop/Rap/R&B;Rock/Pop;Metal/Punk;Reggae/Ska;Funk/Soul;Musiques √©lectroniques;Musiques du monde","Techniques de jeu (ma√Ætrise de l‚Äôinstrument);Improvisation;Apprendre des morceaux (lecture)","Jouer en groupe ou en public;Enregistrer de la musique","Percussions, basse, clavier‚Ä¶","Non, mais j'aimerais essayer","","","Peut-√™tre, si le programme me convainc et correspond √† mon rythme et mes besoins","","1, 2, 3"
"41","30","Je ne joue pas (je n'ai jamais jou√© ou tr√®s  peu) et cela ne m‚Äôint√©resse pas","","","","","","","","","","","","","",""
"42","18","Je joue r√©guli√®rement","Chant, Piano, Guitare","Oui","Lenteur au niveau de l‚Äôassimilation, manque de confiance et sentiment d‚Äôill√©gitimit√© ","La formation obligatoire avec les examens √† la fin de l‚Äôann√©e ","Musique Classique;Jazz/Blues;Hip-hop/Rap/R&B;Rock/Pop;Musiques √©lectroniques","Techniques de jeu (ma√Ætrise de l‚Äôinstrument);Compr√©hension musicale (rythme, harmonie, th√©orie, solf√®ge);Improvisation","Composer mes propres morceaux;Enregistrer de la musique","Aucune id√©e ","Non, mais j'aimerais essayer","","","Peut-√™tre, si le programme me convainc et correspond √† mon rythme et mes besoins","","4, 1"
"43","30","Je n‚Äôai jamais jou√©, mais j‚Äôaimerais apprendre (ou j'ai tr√®s peu jou√© et j'aimerais reprendre)","Batterie ","Oui","Motivation; temps","Un r√©el but , par example pratiquer avec des amis dans un groupe ou avec un prof.","Rock/Pop;Metal/Punk;Musiques √©lectroniques","Techniques de jeu (ma√Ætrise de l‚Äôinstrument)","Jouer en groupe ou en public","","Non, mais j'aimerais essayer","","","Oui, absolument","","3"
"44","45","Je ne joue pas (je n'ai jamais jou√© ou tr√®s  peu) et cela ne m‚Äôint√©resse pas","","","","","","","","","","","","","Le solf√®ge m'a arr√™ter net qu'il soit enseign√© plus l√©ger qu'√† mon √©poque en tt cas ",""
"45","30","J‚Äôai pratiqu√© par le pass√©, mais j‚Äôai arr√™t√©","Piano","Oui","Trouver un cr√©neau regulier et me motiver ","Reprendre des cours","Musique Classique;Rock/Pop","Improvisation;Apprendre des morceaux (lecture);Faire des reprises de morceaux","Jouer pour mon propre plaisir","En visio conf ou par capsules video car difficile de pr√©voir un d√©placement sur mon temps libre (enfants, boulot)","Non, mais j'aimerais essayer","","","Peut-√™tre, si le programme me convainc et correspond √† mon rythme et mes besoins","","1"
"46","30","Je ne joue pas (je n'ai jamais jou√© ou tr√®s  peu) et cela ne m‚Äôint√©resse pas","","","","","","","","","","","","","",""
"47","30","J‚Äôai pratiqu√© par le pass√©, mais j‚Äôai arr√™t√©","Batterie","Non","","","Jazz/Blues;Rock/Pop;Metal/Punk;Funk/Soul","Techniques de jeu (ma√Ætrise de l‚Äôinstrument);Compr√©hension musicale (rythme, harmonie, th√©orie, solf√®ge);Improvisation","Jouer en groupe ou en public","","Non, et cela ne m‚Äôint√©resse pas","","","","","3"
"48","18","Je joue de temps en temps (sans vraie r√©gularit√©)","Guitare, Piano","Oui","Trouver des exercices pertinents et des musiques qui me parlent","Des cours avec des profs","Musique Classique;Rock/Pop;Metal/Punk;Musiques √©lectroniques;Chant mongol traditionnel","Techniques de jeu (ma√Ætrise de l‚Äôinstrument);Compr√©hension musicale (rythme, harmonie, th√©orie, solf√®ge);Improvisation;Apprendre des morceaux (lecture);Faire des reprises de morceaux;Composer ses propres morceaux","Jouer en groupe ou en public;Composer mes propres morceaux;Enregistrer de la musique","","Oui, et cela m‚Äôa aid√©","Un bon rythme d'explication, de l'exemple et de la correction","Trop rapide, le fait d'avoir les notes en autre chose que du do r√© mi","Non, je pr√©f√®re d‚Äôautres types de formation","","1"
"49","30","Je joue r√©guli√®rement","Drums","Oui","Money and opportunity","Better Network, more international opportunities and more fincfinancial support","Jazz/Blues","Komposition","Jouer en groupe ou en public;Composer mes propres morceaux;Enregistrer de la musique;Cr√©er des vid√©os musicales (clips, se filmer en jouant)","","Oui, et cela m‚Äôa aid√©","-","No real Life connection","Oui, absolument","Dont understand","3"
"50","30","Je joue r√©guli√®rement","Basse √©lectrique","Non","","","Musique Classique;Jazz/Blues;Hip-hop/Rap/R&B;Funk/Soul","Techniques de jeu (ma√Ætrise de l‚Äôinstrument);Improvisation","Jouer en groupe ou en public","","Oui, et cela m‚Äôa aid√©","Diversit√© des contenu","Trop de contenu","Oui, mais cela d√©pendrait du prix","","1"
"51","45","Je joue r√©guli√®rement","Basse contrebasse","Oui","r√©gularit√©","objectifs simples et d√©finis","Jazz/Blues;Funk/Soul","Techniques de jeu (ma√Ætrise de l‚Äôinstrument);Apprendre des morceaux (lecture)","Jouer en groupe ou en public","","Oui, et cela m‚Äôa aid√©","attirer mon attention sur de nouveaux enjeux","pas de difficult√©","Peut-√™tre, si le programme me convainc et correspond √† mon rythme et mes besoins","","1"
"52","30","Je joue de temps en temps (sans vraie r√©gularit√©)","Guitare, Piano","Oui","Aucun base de solf√®ge, parfois je tourne en rond lorsque j‚Äôessaie de composer","Prendre des cours ","Folk, acoustic, indie","Compr√©hension musicale (rythme, harmonie, th√©orie, solf√®ge)","Composer mes propres morceaux;Enregistrer de la musique","","Oui, et cela m‚Äôa aid√©","Facile √† comprendre ","Parfois trop de choix, par exemple tutoriels YouTube ","Peut-√™tre, si le programme me convainc et correspond √† mon rythme et mes besoins","","1"
"53","30","Je joue r√©guli√®rement","Batterie, Timbales, Claviers, Percussions, Bodhran, Flute irlandaise, Guitare, Piano, Trompette, Chant, Contrebasse, Violon","Oui","Au tout d√©but, j'avais de la peine √† tenir le tempo avec des grands ensembles. Ensuite, j'ai eu de la peine √† comprendre comment approcher l'improvisation. Maintenant, je gal√®re √† ma√Ætriser la double.","Des conseils √©clair√©s d'une personne qui a surpass√© exactement les m√™mes probl√®mes que je rencontre. La litt√©rature sur la batterie est tr√®s mercantilement motiv√©e. Rien n'a de qualit√©, particuli√®rement sur internet. ","Musique Classique;Jazz/Blues;Rock/Pop;Metal/Punk;Reggae/Ska;Funk/Soul;Musiques du monde;Musique d'harmonies et ensembles de cuivres ... Prog rock ...","Techniques de jeu (ma√Ætrise de l‚Äôinstrument);Compr√©hension musicale (rythme, harmonie, th√©orie, solf√®ge);Improvisation;Apprendre des morceaux (lecture);Faire des reprises de morceaux;Il y a aussi tout l'aspect du m√©ta apprentissage (apprendre comment maintenir son niveau avec le moins de travail possible, comment chauffer le plus efficacement, comment int√©grer rapidement du r√©pertoire nouveau, comment d√©velopper une comp√©tence nouvelle au mieux : apprendre √† apprendre) et ce qui est en dehors du travail instrumental, comme composer, cr√©er et g√©rer un groupe, trouver des gigs, comprendre les contrats, devenir riche ...","Jouer en groupe ou en public;Composer mes propres morceaux;Donner des cours de musique;Apprendre d'autres instruments","Pas s√ªr de comprendre la question, mais au vu de la suivante, c'est par rapport √† des cours de musique. L√†, il me faudrait quelques heures avec les personnes les plus avanc√©es sur chaque √©l√©ment qui m'int√©resse. Et ... peut-√™tre qu'il faudrait un genre de strat√®ge qui canalise mon attention dans une direction viable. En somme, il me faudrait un ou une prof.","Non, et cela ne m‚Äôint√©resse pas","","","","Je n'ai pas les moyens de prendre des cours, et avancer en autodidacte s'apparente √† t√¢tonner dans le noir ... La plupart des conseils glan√©s sur internet m√®nent √† des culs-de-sac ... La musique m'int√©resserait-elle moins si elle n'√©tait pas si m√©andreuse ? Il faudrait que quelqu'un cartographie tout ce bazar. Il y aura moyen de lire le r√©sultat de cette recherche ? Tout de bon, Vincent ! √Ä une prochaine !","1, 2, 3, 4"
"54","60","Je joue r√©guli√®rement","Saxophone, Clarinette","Oui","tout","pers√©v√©rence","Musique Classique;Jazz/Blues;musique improvis√©e","Improvisation","Jouer en groupe ou en public","","Non, et cela ne m‚Äôint√©resse pas","","","","","2"
"55","30","Je joue de temps en temps (sans vraie r√©gularit√©)","Piano, Basse.","Non","","","Musique Classique;Jazz/Blues;Rock/Pop;Musiques √©lectroniques","Compr√©hension musicale (rythme, harmonie, th√©orie, solf√®ge);Improvisation;Composition","Composer mes propres morceaux;Enregistrer de la musique;Donner des cours de musique","Plus de musique d'ensemble, en groupe.","Oui, et cela m‚Äôa aid√©","Autonomie, accessibilit√©, diversit√©, rapidit√©, exploration.","Plus difficile de trouver du mat√©riel ""acad√©mique"".","Peut-√™tre, si le programme me convainc et correspond √† mon rythme et mes besoins","Je pense qu'il y a un grand besoin de faire le lien entre l'apprentissage √† l'ancienne type ""conservatoire"" et la fa√ßon de fonctionner des jeunes musiciens qui apprennent la musique aujourd'hui.","1"
"56","30","J‚Äôai pratiqu√© par le pass√©, mais j‚Äôai arr√™t√©","Violoncelle","Non","","","Musique Classique","Techniques de jeu (ma√Ætrise de l‚Äôinstrument);Compr√©hension musicale (rythme, harmonie, th√©orie, solf√®ge);Apprendre des morceaux (lecture)","Jouer de la musique","La ""non perte"" de la maitrise de l'instrument.","Non, et cela ne m‚Äôint√©resse pas","","","","L'apprentissage de la musique est difficile. Pour arriver a fournir quelque chose d'√©coutable il faut bien quelques ann√©es de pratique. Ensuite et ce qui m'a fait arr√™ter, c'est qu'il faut beaucoup pratiquer pour rester potable. Minimum 1h par jour suivant le niveau atteint devient obligatoire. Avec la vie pro et familliale ca devient tr√®s difficile.","1"
"57","30","Je joue r√©guli√®rement","Guitare","Non","","","Jazz/Blues;Hip-hop/Rap/R&B;Rock/Pop;Metal/Punk;Reggae/Ska;Funk/Soul;Musiques √©lectroniques","Techniques de jeu (ma√Ætrise de l‚Äôinstrument);Compr√©hension musicale (rythme, harmonie, th√©orie, solf√®ge);Improvisation;Apprendre des morceaux (lecture)","Jouer en groupe ou en public;Composer mes propres morceaux;Enregistrer de la musique;Cr√©er des vid√©os musicales (clips, se filmer en jouant);Donner des cours de musique","","Non, et cela ne m‚Äôint√©resse pas","","","","","1"
"58","30","J‚Äôai pratiqu√© par le pass√©, mais j‚Äôai arr√™t√©","Clarinette","Oui","R√©gularit√© Motivation ","Vid√©o, programme personnalis√©, conseils des paires ","Musique Classique","Apprendre des morceaux (lecture)","Jouer en groupe ou en public","Suivi au quotidien ","Non, mais j'aimerais essayer","","","Oui, mais cela d√©pendrait du prix","","2"
"59","30","J‚Äôai pratiqu√© par le pass√©, mais j‚Äôai arr√™t√©","Piano","Oui","La pers√©v√©rance et le temps","Arr√™ter le gaming","Musique Classique;Jazz/Blues;Rock/Pop;Funk/Soul","Compr√©hension musicale (rythme, harmonie, th√©orie, solf√®ge)","Composer mes propres morceaux","","Oui, et cela m‚Äôa aid√©","Je pouvais pratiquer quand je voulais","Si on peine sur quelque chose, on ne peut pas demander ce que l'on fait de faux","Oui, mais cela d√©pendrait du prix","","1"
"60","30","Je joue de temps en temps (sans vraie r√©gularit√©)","Guitare, Claviers ","Oui","Consistance","Th√©rapie ","Jazz/Blues;Hip-hop/Rap/R&B;Metal/Punk;Funk/Soul;Musiques √©lectroniques","Techniques de jeu (ma√Ætrise de l‚Äôinstrument);Compr√©hension musicale (rythme, harmonie, th√©orie, solf√®ge);Improvisation;Apprendre des morceaux (lecture);Faire des reprises de morceaux","Jouer en groupe ou en public;Composer mes propres morceaux;Enregistrer de la musique;Cr√©er des vid√©os musicales (clips, se filmer en jouant)","","Oui, et cela m‚Äôa aid√©","La plate-forme Udemy comme exemple a l'avantage d'√™tre tr√®s compl√®te de mani√®re g√©n√©rale ","La procrastination, mais ce n'est pas de la faute de ces plateformes ","Oui, mais cela d√©pendrait du prix","","1"
"61","30","J‚Äôai pratiqu√© par le pass√©, mais j‚Äôai arr√™t√©","Piano ","Non","","","Jazz/Blues;Rock/Pop","Apprendre des morceaux (lecture);Faire des reprises de morceaux","Reproduire des musiques que j‚Äôaime","","Oui, et cela m‚Äôa aid√©","Simplicit√©, pas besoin de retenir les techniques de solf√®ge ","Ne pas avoir un support physique ","Peut-√™tre, si le programme me convainc et correspond √† mon rythme et mes besoins","","1"
"62","18","Je n‚Äôai jamais jou√©, mais j‚Äôaimerais apprendre (ou j'ai tr√®s peu jou√© et j'aimerais reprendre)","Piano ","Oui","Gestion du temps et r√©gularit√© ","Observer une √©volution rapide pour me motiver ","Musique Classique;Jazz/Blues","Techniques de jeu (ma√Ætrise de l‚Äôinstrument)","Jouer en groupe ou en public;Composer mes propres morceaux","","Non, mais j'aimerais essayer","","","Oui, absolument","","1"
"63","18","J‚Äôai pratiqu√© par le pass√©, mais j‚Äôai arr√™t√©","Aucun instrument, Chant ","Oui","Temps √† disposition et manque de rigueur de ma part si ce n‚Äôest pas obligatoire ","Avoir un cadre d√©fini (m‚Äôinscrire √† un cours) et lib√©rer du temps sur ma semaine ","Pas de style en particuliers ","Techniques de jeu (ma√Ætrise de l‚Äôinstrument);Apprendre des morceaux (lecture)","Jouer en groupe ou en public","","Non, et cela ne m‚Äôint√©resse pas","","","","","4"
"64","18","Je joue r√©guli√®rement","Chant, Piano, Orgue","Oui","Pour le piano : apprentissage par c≈ìur ","Moins de contraintes et d'obligations vis-√†-vis des performances en situation de concert (comme l'injonction du par c≈ìur).","Musique Classique;Rock/Pop;Musiques du monde","Techniques de jeu (ma√Ætrise de l‚Äôinstrument);Compr√©hension musicale (rythme, harmonie, th√©orie, solf√®ge);Improvisation;Apprendre des morceaux (lecture)","Jouer en groupe ou en public;Composer mes propres morceaux","Coachings r√©gulier avec des professionnels","Oui, mais ce n‚Äô√©tait pas adapt√© √† mon fonctionnement","","Difficult√©s vis-√†-vis de l'interface, gestion de l'information sonore transform√©e par l'ordinateur, d√©lai","Peut-√™tre, si le programme me convainc et correspond √† mon rythme et mes besoins","Il me semble n√©cessaire d'adapter les m√©thodes d'apprentissage musical √† un accompagnement soutenu par les nouvelles technologies. Ceci dit, l'apport d'un.e enseignant.e me semble important dans le d√©veloppement d'une sensibilit√© musicale propre √† chacun. Le risque d'un enseignement bas√© uniquement sur les technologies est de se limiter √† l'aspect technique de la musique, or jouer de la musique va bien au-del√† de la technique, et si cet √©l√©ment est important, il n'est √† mon sens qu'un moyen pour mieux exprimer sa musicalit√©.","4, 1"
"65","30","J‚Äôai pratiqu√© par le pass√©, mais j‚Äôai arr√™t√©","Aucun","Non","","","Rock/Pop","Faire des reprises de morceaux","Composer mes propres morceaux","Expert en programmea de composition √©lectronique","Non, et cela ne m‚Äôint√©resse pas","","","","",""
"66","30","J‚Äôai pratiqu√© par le pass√©, mais j‚Äôai arr√™t√©","Piano, Batterie","Oui","motivation, temps disponible, impression d‚Äô√™tre nul","soutien d‚Äôun bon prof, flexibilit√© des horaires de cours, choisir des morceaux qui me plaisent beaucoup (motivation)","Musique Classique;Jazz/Blues;Rock/Pop","Apprendre des morceaux (lecture);Faire des reprises de morceaux","jouer pour moi-m√™me sans public","un peu de solf√®ge, soutien technique musicale (pratiquer et √™tre corrig√©), analyse de morceaux sympas qu‚Äôon √©coute avec le prof (comprendre le rythme, les accords, etc) ","Non, et cela ne m‚Äôint√©resse pas","","","","parfois difficile de jouer de l‚Äôinstrument chez soi √† cause des voisins (bruit) et co√ªts d‚Äôun instrument qui peut √™tre cons√©quent! ","1, 3"
"67","30","Je joue r√©guli√®rement","Batterie","Oui","baisse de motivation √† l'adolescence","la pers√©v√©rance ","Jazz/Blues;Rock/Pop;Metal/Punk;Reggae/Ska","Techniques de jeu (ma√Ætrise de l‚Äôinstrument);Compr√©hension musicale (rythme, harmonie, th√©orie, solf√®ge);Improvisation;Apprendre des morceaux (lecture)","Jouer en groupe ou en public;Enregistrer de la musique;Donner des cours de musique","Dennis Chambers et des croissants tous les matins","Non, et cela ne m‚Äôint√©resse pas","","","","","3"
"68","30","Je n‚Äôai jamais jou√©, mais j‚Äôaimerais apprendre (ou j'ai tr√®s peu jou√© et j'aimerais reprendre)","Violon, Piano","Oui","Manque de temps","Travailler moins","Musique Classique;Jazz/Blues;Musiques √©lectroniques;Musiques du monde","Techniques de jeu (ma√Ætrise de l‚Äôinstrument);Compr√©hension musicale (rythme, harmonie, th√©orie, solf√®ge);Apprendre des morceaux (lecture)","Jouer en groupe ou en public","","Non, et cela ne m‚Äôint√©resse pas","","","","","1"
"69","18","Je ne joue pas (je n'ai jamais jou√© ou tr√®s  peu) et cela ne m‚Äôint√©resse pas","","","","","","","","","","","","","J‚Äôaime beaucoup la musique, je vais √† des concerts, mais je suis intimid√©e par la difficult√© de jouer d‚Äôun instrument et je pense que pass√© la vingtaine, √ßa demande un effort immense de se mettre √† la musique ",""
"70","18","Je joue r√©guli√®rement","Trompette ","Non","","","Musique Classique;arrangement de musique pour fanfare ","Techniques de jeu (ma√Ætrise de l‚Äôinstrument);Compr√©hension musicale (rythme, harmonie, th√©orie, solf√®ge);Apprendre des morceaux (lecture)","Jouer en groupe ou en public","","Non, et cela ne m‚Äôint√©resse pas","","","","",""
"71","18","Je ne joue pas (je n'ai jamais jou√© ou tr√®s  peu) et cela ne m‚Äôint√©resse pas","","","","","","","","","","","","","J‚Äôaimerais bien savoir jouer mais je pense que je n‚Äôen suis pas capable et qu‚Äôil est trop tard pour apprendre ",""
"72","30","J‚Äôai pratiqu√© par le pass√©, mais j‚Äôai arr√™t√©","Cornet","Oui","D√©gager du temps","Probablement un changement de priorit√©s","Jazz/Blues","Techniques de jeu (ma√Ætrise de l‚Äôinstrument);Compr√©hension musicale (rythme, harmonie, th√©orie, solf√®ge)","Enregistrer de la musique","Mentoring, contextualisation culturelle","Non, mais j'aimerais essayer","","","Peut-√™tre, si le programme me convainc et correspond √† mon rythme et mes besoins","","2"
"73","18","Je joue de temps en temps (sans vraie r√©gularit√©)","Guitare, Piano, Ronrocco","Oui","Concentration; Motivation; Ne pas savoir par o√π commencer. ","Une structure et des objectifs","Musique Classique;Jazz/Blues;Hip-hop/Rap/R&B;Rock/Pop;Metal/Punk;Reggae/Ska;Funk/Soul;Musiques du monde","Techniques de jeu (ma√Ætrise de l‚Äôinstrument);Compr√©hension musicale (rythme, harmonie, th√©orie, solf√®ge);Improvisation;Apprendre des morceaux (lecture)","Composer mes propres morceaux;Enregistrer de la musique","Un co√ªt pas trop cher ='). Mais sinon, une vari√©t√© d'objectifs diff√©rents qui ne transforme pas l'apprentissage comme √ßa √† pu l'√™tre au conservatoire. Ou c'est tr√®s une √©tape apr√®s l'autre. Je veux m'amuser avant tout! ","Oui, mais ce n‚Äô√©tait pas adapt√© √† mon fonctionnement","","C'est trop √©pisodique. Encha√Æner les apprentissages de petits objectifs par soi m√™me c'est compliquer √† structurer.","Oui, mais cela d√©pendrait du prix","La musique c'est une forme d'expression √† mes yeux. Avoir un apprentissage trop litt√©raire (ex: conservatoire) tue la spontan√©it√© de l'expression (ex: Jazz). Un apprentissage qui aurait une balance entre les deux serait vraiment cool, parce qu'elles se compl√®tent tellement.","1"
"74","30","J‚Äôai pratiqu√© par le pass√©, mais j‚Äôai arr√™t√©","Piano","Oui","A cause de la dyslexie, c'est compliqu√© de faire le lien entre les notes de la partition et les notes du clavier. Je dois √©crire le nom des notes.","Un syst√®me de tablature comme pour ma guitare √©ventuellement. Un clavier sur lequel les notes sont d√©j√† inscrites sur les touches.","D√©j√† apprendre les bases ce serait bien","Compr√©hension musicale (rythme, harmonie, th√©orie, solf√®ge);Apprendre des morceaux (lecture)","Jouer pour moi et ma famille","Aucune id√©e ","Non, mais j'aimerais essayer","","","Oui, mais cela d√©pendrait du prix","","1"
"75","18","Je joue de temps en temps (sans vraie r√©gularit√©)","Guitare","Non","","","Rock/Pop;Reggae/Ska;Musiques du monde","Techniques de jeu (ma√Ætrise de l‚Äôinstrument);Faire des reprises de morceaux","Rien je joue pour moi","","Oui, et cela m‚Äôa aid√©","Rapide et facile a comprendre, peut regarder plusieurs fois (YouTube)","Non","Non, je pr√©f√®re d‚Äôautres types de formation","","1"
"76","30","Je joue r√©guli√®rement","Saxophone, Basse √©lectrique, Clavier","Oui","concentration, r√©gularit√©, motivation","une meilleure gestion de mon temps","Jazz/Blues;Rock/Pop;Funk/Soul;Musiques √©lectroniques;noise, musique de sc√®ne (th√©√¢tre+danse), musique improvis√©e","Techniques de jeu (ma√Ætrise de l‚Äôinstrument);Compr√©hension musicale (rythme, harmonie, th√©orie, solf√®ge);Improvisation","Jouer en groupe ou en public;Composer mes propres morceaux;Enregistrer de la musique","du mentorat/retour d'autres musicien-nes","Oui, et cela m‚Äôa aid√©","gratuit√©, le contenu est s√©lctionn√© par l'int√©ress√©-e et non par un-e prof.","trouver le mat√©riel adapt√©","Peut-√™tre, si le programme me convainc et correspond √† mon rythme et mes besoins","","2, 1"
"77","30","Je joue de temps en temps (sans vraie r√©gularit√©)","Fl√ªte, Piano, Percussions","Oui","Le temps","Moins travailler","Musique Classique;Rock/Pop;Metal/Punk;Musiques √©lectroniques;Musiques du monde","Techniques de jeu (ma√Ætrise de l‚Äôinstrument);Faire des reprises de morceaux","Aucun , je joue juste pour le plaisir.","","Oui, et cela m‚Äôa aid√©","On trouve de tout sur youtube.","Avoir ke temps de s y mettre","Peut-√™tre, si le programme me convainc et correspond √† mon rythme et mes besoins","","2, 1, 3"
"78","18","Je joue r√©guli√®rement","Piano","Oui","Probl√®mes de douleurs chroniques ","Plus de sensibilisation dans les √©cole de musique pour √©viter √† ceux qui commencent de se retrouver dans la m√™me situation, pourquoi pas des ateliers de comment g√©rer la pratique de l'instrument/ comment int√©grer le sport √† partir d'un certain niveau musical pour √©viter les blessures etc... ","Musique Classique","Techniques de jeu (ma√Ætrise de l‚Äôinstrument);Compr√©hension musicale (rythme, harmonie, th√©orie, solf√®ge);Improvisation;Apprendre des morceaux (lecture)","Jouer en groupe ou en public","Pas s√ªre de comprendre la question","Oui, et cela m‚Äôa aid√©","Accessibilit√© (gratuit), disponible quand on veut ","Gros gap entre les vid√©os pour d√©butants et vid√©os pour experts, dur de trouver des choses adapt√©es","Oui, mais cela d√©pendrait du prix","Nop","1"
"79","30","Je joue de temps en temps (sans vraie r√©gularit√©)","Chant","Non","","","Musique Classique","Techniques de jeu (ma√Ætrise de l‚Äôinstrument);Apprendre des morceaux (lecture);Faire des reprises de morceaux","Jouer en groupe ou en public","Une bourse","Non, et cela ne m‚Äôint√©resse pas","","","","Pas de limitation d √¢ge ","4"
"80","18","J‚Äôai pratiqu√© par le pass√©, mais j‚Äôai arr√™t√©","Piano, Guitare √©lectrique","Oui","Concentration et discipline ","Tr√®s bonne question","Peu importe le changement c‚Äôest bien :)","Techniques de jeu (ma√Ætrise de l‚Äôinstrument);Improvisation;Apprendre des morceaux (lecture)","Composer mes propres morceaux","","Oui, et cela m‚Äôa aid√©","On peut apprendre √† notre rythme et on visualise bien comment l‚Äôautre joue ","Si il n‚Äôy a pas de partition: comprendre quelle note est en jeu","Peut-√™tre, si le programme me convainc et correspond √† mon rythme et mes besoins","Perso je faisais toujours par c≈ìur ayant beaucoup de peine √† rester concentr√©e. Je faisait semblant de lire les partitions pendant les cours et √ßa m‚Äôa frein√© dans mes capacit√©s‚Ä¶ alors peut √™tre insister sur la n√©cessit√© de savoir lire des partitions :) ","1"
"81","60","J‚Äôai pratiqu√© par le pass√©, mais j‚Äôai arr√™t√©","Saxophone","Oui","R√©gularit√© ","Un professeur ","Musique Classique;Jazz/Blues","Apprendre des morceaux (lecture)","Jouer pour moi","","Non, et cela ne m‚Äôint√©resse pas","","","","","2"
"82","30","Je joue de temps en temps (sans vraie r√©gularit√©)","Violoncelle, Piano, Guitare","Oui","Temps, motivation, manque de facilit√©^^","Diminuer mon activit√© professionnelle","Musique Classique;Rock/Pop;Metal/Punk","Techniques de jeu (ma√Ætrise de l‚Äôinstrument);Faire des reprises de morceaux;M'accompagner pour composer mes propres chansons","Jouer en groupe ou en public;Composer mes propres morceaux;Enregistrer de la musique","Un programme avec progression rapide pour garder la motivation","Non, et cela ne m‚Äôint√©resse pas","","","","C'est dur de commencer un instrument de z√©ro quand on en joue d'un autre depuis l'enfance. On a des exigences et de l'impatience.","1"
"83","60","Je joue r√©guli√®rement","Guitare, Piano","Oui","M√©moire d√ª √† l'√¢ge et parfois motivation.","La r√©p√©tition r√©guli√®re. Avoir un coach. Ma volont√©. Mes progr√®s et le plaisir.","Accompagnements chansons fran√ßaises","Techniques de jeu (ma√Ætrise de l‚Äôinstrument);Compr√©hension musicale (rythme, harmonie, th√©orie, solf√®ge);Improvisation;Apprendre des morceaux (lecture);Faire des reprises de morceaux","Me faire plaisir. Maintenir les bonnes connections de mon cerveau.mon cerveau  ","Un coach ""ouvert"" √† mes envies","Oui, et cela m‚Äôa aid√©","Avancer √† mon rythme","La volont√©. Les r√©ponses √† mes questions imm√©diates","Non, je pr√©f√®re d‚Äôautres types de formation","Chaque fois que j'ai un souci et que je peux jouer, il s'envole. Cela me fait beaucoup de bien. Donc ma bonne sant√© s'en ressent positivement.","1"
"84","30","J‚Äôai pratiqu√© par le pass√©, mais j‚Äôai arr√™t√©","Guitare √©lectrique","Oui","Motivation et temps ","Avoir suffisamment de temps libre pour m‚Äôy int√©resser de nouveau ","Rock/Pop;Metal/Punk","Techniques de jeu (ma√Ætrise de l‚Äôinstrument);Compr√©hension musicale (rythme, harmonie, th√©orie, solf√®ge);Improvisation","Composer mes propres morceaux","","Oui, et cela m‚Äôa aid√©","Contenu et interactivit√© ","Ne pas avoir de retour ","Peut-√™tre, si le programme me convainc et correspond √† mon rythme et mes besoins","","1"
"85","30","Je n‚Äôai jamais jou√©, mais j‚Äôaimerais apprendre (ou j'ai tr√®s peu jou√© et j'aimerais reprendre)","Piano, Violon","Oui","motivation, difficult√© d'apprentissage de la lecture des notes","apprendre diff√©rement","Musique Classique;Musiques √©lectroniques;vari√©t√©","Apprendre des morceaux (lecture)","jouer pour moi","un super bon enseignant ","Non, mais j'aimerais essayer","","","Oui, mais cela d√©pendrait du prix","pas comme √ßa","1"
"86","45","Je joue r√©guli√®rement","T√©nor, Horn","Non","","","Brass Band","Techniques de jeu (ma√Ætrise de l‚Äôinstrument);Apprendre des morceaux (lecture)","Jouer en groupe ou en public","","Non, et cela ne m‚Äôint√©resse pas","","","","Toutes questions est bienvenue. Je partage volontiers ma mince exp√©rience.","Chant, 3"
"87","30","Je ne joue pas (je n'ai jamais jou√© ou tr√®s  peu) et cela ne m‚Äôint√©resse pas","","","","","","","","","","","","","",""
"88","17","Je joue r√©guli√®rement","Piano","Non","","","Jazz/Blues;Metal/Punk","Techniques de jeu (ma√Ætrise de l‚Äôinstrument);Improvisation;Apprendre des morceaux (lecture)","Jouer en groupe ou en public;Composer mes propres morceaux","Technique et ecoute","Non, et cela ne m‚Äôint√©resse pas","","","","","1"
"89","30","J‚Äôai pratiqu√© par le pass√©, mais j‚Äôai arr√™t√©","Violon ","Non","","","Jazz/Blues","Apprendre des morceaux (lecture)","Composer mes propres morceaux","Le plaisir ","Non, et cela ne m‚Äôint√©resse pas","","","","Je n‚Äôai pas aim√© l‚Äôenseignant trop acad√©mique ","1"
"90","30","J‚Äôai pratiqu√© par le pass√©, mais j‚Äôai arr√™t√©","Piano","Oui","Temps et manque de comp√©tences en improvisation/jeu libre car apprentissage du piano classique sur partitions","Retrouver des partitions simples rapidement d√©chiffrables. Me lancer dans le jeu libre spontan√© ","Musique Classique;Jazz/Blues;Rock/Pop","Improvisation;Apprendre des morceaux (lecture);Faire des reprises de morceaux","Jouer √† la maison/ en famille","","Non, mais j'aimerais essayer","","","Peut-√™tre, si le programme me convainc et correspond √† mon rythme et mes besoins","","1"
"91","30","Je n‚Äôai jamais jou√©, mais j‚Äôaimerais apprendre (ou j'ai tr√®s peu jou√© et j'aimerais reprendre)","Piano, Guitare","Oui","Temps","Avoir plus de temps","Musique Classique;Jazz/Blues;Rock/Pop;Metal/Punk;Funk/Soul","Techniques de jeu (ma√Ætrise de l‚Äôinstrument);Compr√©hension musicale (rythme, harmonie, th√©orie, solf√®ge);Improvisation;Apprendre des morceaux (lecture);Faire des reprises de morceaux","Jouer en groupe ou en public;Composer mes propres morceaux","Prof","Oui, et cela m‚Äôa aid√©","Je n'ai pas compris la qu'est ","???","Oui, absolument","","1"
"92","30","Je joue r√©guli√®rement","Violin, Guitare ","Oui","Manque de confiance ","Plus je cr√©er des opportunit√©s pour jouer sortir de la zone de confort mieux c‚Äôest ","Musique Classique;Jazz/Blues;Musiques du monde","Improvisation","Jouer en groupe ou en public","","Oui, et cela m‚Äôa aid√©","Le fait de pouvoir revenir dessus, on comprends les choses diff√©remment selon le stade ou l‚Äôon est‚Ä¶","Pas de difficult√©s sp√©cifiques ","Oui, absolument","","1"
"93","45","Je joue de temps en temps (sans vraie r√©gularit√©)","Synth√©tiseur ","Non","","","Musiques √©lectroniques","Faire des reprises de morceaux","Jouer en groupe ou en public","","Oui, et cela m‚Äôa aid√©","Contenu","Clart√© ","Peut-√™tre, si le programme me convainc et correspond √† mon rythme et mes besoins","","1"
"94","45","Je n‚Äôai jamais jou√©, mais j‚Äôaimerais apprendre (ou j'ai tr√®s peu jou√© et j'aimerais reprendre)","Piano","Non","","","Jazz/Blues","Apprendre des morceaux (lecture)","Composer mes propres morceaux","","Non, mais j'aimerais essayer","","","Oui, mais cela d√©pendrait du prix","","1"
"95","30","Je n‚Äôai jamais jou√©, mais j‚Äôaimerais apprendre (ou j'ai tr√®s peu jou√© et j'aimerais reprendre)","Guitare","Oui","Temps, motivation","Plus de temps libre, moins de travail","Hip-hop/Rap/R&B;Metal/Punk","Improvisation","Composer mes propres morceaux","","Oui, mais ce n‚Äô√©tait pas adapt√© √† mon fonctionnement","","Vouloir aller trop vite, sauter les bases etc (trop de libert√©)","Peut-√™tre, si le programme me convainc et correspond √† mon rythme et mes besoins","","1"
"96","18","Je joue r√©guli√®rement","Piano, Violon","Oui","Motivation mais aussi g√©rer avec les √©tudes","La d√©termination ","Musique Classique","Techniques de jeu (ma√Ætrise de l‚Äôinstrument);Le fait de pouvoir mettre ses √©motions sur la table","Jouer en concert","","Non, et cela ne m‚Äôint√©resse pas","","","","","1"
"97","60","Je joue de temps en temps (sans vraie r√©gularit√©)","Guitare","Oui","Manque de temps","Prioriser le temps","Rock/Pop","Apprendre des morceaux (lecture);Faire des reprises de morceaux","Je jouai pour le plaisir","Le faite √† plusieurs ","Oui, et cela m‚Äôa aid√©","Possibilit√© de r√©p√©ter plusieurs fois les s√©quences ","N√©ant ","Peut-√™tre, si le programme me convainc et correspond √† mon rythme et mes besoins","J‚Äôai aussi suivi des cours avec un prof en live","1"
"98","18","Je ne joue pas (je n'ai jamais jou√© ou tr√®s  peu) et cela ne m‚Äôint√©resse pas","","","","","","","","","","","","","",""
"99","18","Je joue de temps en temps (sans vraie r√©gularit√©)","Violon","Oui","Motivation, rigueur","Jouer en groupe","Musique Classique;Jazz/Blues;Metal/Punk;Musiques du monde","Techniques de jeu (ma√Ætrise de l‚Äôinstrument);Improvisation;Faire des reprises de morceaux","Jouer en groupe ou en public","","Non, et cela ne m‚Äôint√©resse pas","","","","","1"
"100","45","J‚Äôai pratiqu√© par le pass√©, mais j‚Äôai arr√™t√©","Violon, Chants","Oui","Trouver du temps, trouver des gens avec qui jouer ou chanter","Avoir une liste des ensembles musicaux, des √©coles de musique et des profs priv√©s etc . existants dans ma r√©gion ","Musique Classique;Jazz/Blues;Rock/Pop;Musiques du monde","Techniques de jeu (ma√Ætrise de l‚Äôinstrument);Improvisation;Apprendre des morceaux (lecture);Faire des reprises de morceaux","Jouer en groupe ou en public","Je ne comprends pas cette question ","Non, et cela ne m‚Äôint√©resse pas","","","","","1, 4"
"101","30","J‚Äôai pratiqu√© par le pass√©, mais j‚Äôai arr√™t√©","Th√©r√©mine","Oui","temps, voisinage","ne sais pas","Musique Classique;Reggae/Ska;Musiques √©lectroniques","Techniques de jeu (ma√Ætrise de l‚Äôinstrument);Improvisation","Composer mes propres morceaux","ne sais pas","Oui, mais ce n‚Äô√©tait pas adapt√© √† mon fonctionnement","","clart√© des informations","Peut-√™tre, si le programme me convainc et correspond √† mon rythme et mes besoins","non","5"
"102","18","Je n‚Äôai jamais jou√©, mais j‚Äôaimerais apprendre (ou j'ai tr√®s peu jou√© et j'aimerais reprendre)","Guitare","Oui","Temps, concentration et motivation ","Le temps et les techniques ","Musique Classique;Jazz/Blues;Hip-hop/Rap/R&B;Rock/Pop;Reggae/Ska;Funk/Soul;Musiques du monde","Techniques de jeu (ma√Ætrise de l‚Äôinstrument);Improvisation;Faire des reprises de morceaux","Cr√©er des vid√©os musicales (clips, se filmer en jouant)","","Non, mais j'aimerais essayer","","","Peut-√™tre, si le programme me convainc et correspond √† mon rythme et mes besoins","","1"
"103","18","Je joue r√©guli√®rement","Guitare, Piano.","Non","","","Musique Classique;Jazz/Blues;Chanson √† texte ","Techniques de jeu (ma√Ætrise de l‚Äôinstrument);Improvisation;Apprendre des morceaux (lecture)","Jouer en groupe ou en public;Composer mes propres morceaux;Enregistrer de la musique;Donner des cours de musique","Des cours en pr√©sentiel chaque semaine ","Oui, et cela m‚Äôa aid√©","Pouvoir avancer √† mon rythme, avoir acc√®s aux ressources √† n'importe quel moment, adapter les propositions donn√©es dans le cours √† mon mode de fonctionnement sans vexer le prof...","On ne trouve pas tout, ou pas forc√©ment de bonne qualit√© (je n'ai rien trouv√© de satisfaisant pour le flamenco, par exemple), et puis sans doute que pour acqu√©rir de bonnes bases, c'est mieux avec un prof qui puisse corriger la position et les quelques mauvaise habitudes √† ne pas prendre au d√©part.","Oui, mais cela d√©pendrait du prix","","1"
"104","30","Je joue de temps en temps (sans vraie r√©gularit√©)","Guitare","Oui","Manque de patience et rigidit√© des doigts ","L entra√Ænement ","Rock/Pop;Reggae/Ska","Techniques de jeu (ma√Ætrise de l‚Äôinstrument)","Composer mes propres morceaux","Je ne comprend pas bien la question","Oui, et cela m‚Äôa aid√©","En libre service et gratuit ","Pas toujours facile de trouver de bons p√©dagogues en ligne ","Non, je pr√©f√®re d‚Äôautres types de formation","Je suis aujourd'hui plus motiv√©e √† m offrir des cours priv√©s ","1"
"105","30","J‚Äôai pratiqu√© par le pass√©, mais j‚Äôai arr√™t√©","Basse","Oui","Co√ªt financier, organisation","Avoir plus de temps libre et plus d'argent ou des aides financi√®res pour cela.","Rock/Pop;Musiques √©lectroniques","Techniques de jeu (ma√Ætrise de l‚Äôinstrument);Compr√©hension musicale (rythme, harmonie, th√©orie, solf√®ge);Apprendre des morceaux (lecture);Faire des reprises de morceaux","Donner des cours de musique","","Non, mais j'aimerais essayer","","","Peut-√™tre, si le programme me convainc et correspond √† mon rythme et mes besoins","","1"
"106","30","Je joue r√©guli√®rement","Basse, Guitare","Oui","concentration, discipline/r√©gularit√© √† la maison","les deadlines imminentes. m'√™tre engag√© aupr√®s d'autres musiciens.","Metal/Punk","Compr√©hension musicale (rythme, harmonie, th√©orie, solf√®ge);faires des concerts","Jouer en groupe ou en public","","Oui, et cela m‚Äôa aid√©","disponibilit√©, accessibilit√©, vari√©t√© diverse (Youtube)","mise en pratique des informations donn√©es","Non, je pr√©f√®re d‚Äôautres types de formation","","1"
"107","30","Je joue r√©guli√®rement","Violoncelle","Oui","Manque de temps pour r√©p√©ter, difficult√© √† produire un joli son ou √† r√©aliser certaines partitions ou mesures,","Un professeur, des repr√©sentations","Musique Classique;Rock/Pop;Musiques du monde","Techniques de jeu (ma√Ætrise de l‚Äôinstrument);Apprendre des morceaux (lecture);Faire des reprises de morceaux","Jouer en groupe ou en public","Un cours individuel + un cours de groupe hebdomadaires","Non, et cela ne m‚Äôint√©resse pas","","","","","1"
"108","60","Je joue r√©guli√®rement","Violoncelle","Oui","La difficult√© de ce magnifique instrument √† cordes !","La pers√©v√©rance et les cours ","Musique Classique;Musiques du monde","Techniques de jeu (ma√Ætrise de l‚Äôinstrument);Compr√©hension musicale (rythme, harmonie, th√©orie, solf√®ge);Apprendre des morceaux (lecture)","Jouer en groupe ou en public","Difficile de r√©pondre. Mais certainement des cours r√©guliers.","Non, et cela ne m‚Äôint√©resse pas","","","","Que c‚Äôest entrer dans un monde g√©nial, exigeant et tr√®s motivant !","1"
"109","30","Je joue r√©guli√®rement","Contrebasse, Basse √©lectrique, Piano, Guitare, Violon, Chant, Batterie","Oui","Gestion du temps, r√©gularit√© ","Jouer chaque jour","Musique Classique;Jazz/Blues;Hip-hop/Rap/R&B;Rock/Pop;Metal/Punk;Reggae/Ska;Funk/Soul;Musiques du monde","Techniques de jeu (ma√Ætrise de l‚Äôinstrument);Improvisation;Apprendre des morceaux (lecture);Faire des reprises de morceaux","Jouer en groupe ou en public;Composer mes propres morceaux;Enregistrer de la musique;Donner des cours de musique","Maitrise, p√©dagogie et sympathie","Oui, et cela m‚Äôa aid√©","Contenu, relev√©s, doigt√©s et.","Vitesse, compr√©hension, adaptation du niveau, pas possible de jouer la musique ensemble","Non, je pr√©f√®re d‚Äôautres types de formation","","1, 4, 3"
"110","45","Je joue r√©guli√®rement","Guitare","Oui","Trouver de persone avec qui jouer","Peut √™tre","Jazz/Blues;Hip-hop/Rap/R&B;Rock/Pop;Metal/Punk;Reggae/Ska;Funk/Soul;Musiques √©lectroniques","Techniques de jeu (ma√Ætrise de l‚Äôinstrument);Compr√©hension musicale (rythme, harmonie, th√©orie, solf√®ge);Improvisation;Faire des reprises de morceaux","Jouer en groupe ou en public","Une band","Oui, et cela m‚Äôa aid√©","Pratique","Je ne sais pas","Peut-√™tre, si le programme me convainc et correspond √† mon rythme et mes besoins","","1"
"111","45","J‚Äôai pratiqu√© par le pass√©, mais j‚Äôai arr√™t√©","Violon, Chant","Oui","Temps disponible, peu de solf√®ge ","Des cours en ligne","Musique Classique;Jazz/Blues;Hip-hop/Rap/R&B;Funk/Soul;Musiques du monde","Compr√©hension musicale (rythme, harmonie, th√©orie, solf√®ge);Apprendre des morceaux (lecture)","Ne sais pas ","Piano","Non, mais j'aimerais essayer","","","Oui, mais cela d√©pendrait du prix","","1, 4"